a1.01	^bk#myj【妙雲集序目】^ck#intro		妙雲集序目
a2.07	intro%		其次第與重要內容如
a5.13	intro%		《妙雲集》編集了我的作品
a7.01	intro%		三、來臺灣以前的文稿
a8.08	toc		全書的目次如下：
a10.04	toc1		下　編
a11.09	toc2		二　學佛三要
a12.09	toc3		三　以佛法研究佛法
a13.10	toc4		四　淨土與禪
a14.05	toc5		五　青年的佛教
a14.10	toc6		六　我之宗教觀
a15.07	toc7		七　無諍之辯
a16.07	toc8		八　教制教典與教學
a17.10	toc9		九　佛教史地考論
a19.06	toc10		十　華雨香雲
a22.08	toc11		十一  佛法是救世之光
1.01	^bk#vccp^ck#intro	307	金剛般若波羅蜜經講記
2.07	intro1	14	一　釋經題
3.05	intro%		二、般若
3.13	intro%		(1)實相般若
6.04	intro%		(2)觀照般若
8.03	intro%		(3)文字般若
9.03	intro%		(二)、何名般若：
10.02	intro%		(三)、般若何用：
11.05	intro%		(四)、般若屬誰
12.08	intro%		三、波羅蜜
13.02	intro%		四、經
14.04	intro%		般若有二類：
15.06	intro%			二　示宗要
18.02	fig18	34	<graphic url="y01.0018.svg"/><figDesc>
18.07	intro%	5	三　敘傳譯
20.03	kp%	21	正釋
21.06	kp%	一時，
21.11	kp%	舍衛，
22.02	kp%	祇樹給孤獨園
22.08	kp%	大比丘眾千二百五十人
23.11	kp%	43	乙二　發起序
24.01	kp%	爾時，指
25.08	kp%	大乘經
26.02	kp%	29	甲二　正宗分
31.02	kp%	61	丁二　許說
32.02	kp%	12	丁三　正說
39.01	kp%	88	戊二　伏心菩提
43.08	kp%	58	戊三　明心菩提
44.01	kp%	4	「見法」
46.03	fig46	32	<graphic url="y01.0046.svg"/><figDesc>
46.06	kp%	3	己二　眾生久行乃信
47.05	kp%	10	庚二　答
48.04	kp%	10	辛二　久集善根
49.01	kp%	9	辛三　諸佛攝持
49.09	kp%	7	辛四　三相並寂
53.08	kp%	50	己三　賢聖無為同證
56.06	kp%	34	辛二　校德
60.03	kp%	48	庚二　舉聲聞為證
65.07	kp%	68	庚三　舉菩薩為證
66.13	kp%	16	壬二　嚴淨佛土
70.10	kp%	48	壬三　成法性身
71.11	kp%	13	辛二　校德
74.08	kp%	35	丙二　勸發奉持
75.08	kp%	10	戊二　答
77.05	kp%	20	庚二　化處非實
79.11	kp%	31	庚三　化主無相
80.08	kp%	9	己二　校德
82.02	kp%	19	丁二　歎奉持功德
84.07	kp%	28	己二　信者難能歎
87.01	kp%	32	戊二　如來勸行歎勝
88.09	kp%	17	辛二　勸行
92.11	kp%	51	壬二　佛說無虛勸
94.09	kp%	23	庚二　校德
96.01	kp%	17	己二　廣歎顯勝
98.13	kp%	35	辛二　世間所尊勝
100.05	kp%	17	辛三　轉滅罪業勝
101.11	kp%	18	庚二　校德
102.13	kp%	14	己三　結歎難思
103.10	kp%	9	乙二　方便道次第
104.11	kp%	11	丁二　答說
106.13	kp%	25	己二　分證菩提果
110.01	kp%	39	戊二　出到菩提
110.13	kp%	10	己二　成熟眾生
111.13	kp%	12	己三　莊嚴佛土
112.13	kp%	12	戊三　究竟菩提
117.11	kp%	59	辛二　福德眾多
118.09	kp%	10	辛三　身相具足
120.05	kp%	21	辛四　法音遍滿
121.08	kp%	15	辛五　信眾殊勝
123.01	kp%	18	辛六　正覺圓成
125.04	kp%	28	庚二　校德
125.12	kp%	7	己二　示現化身事業
127.03	kp%	15	庚二　現化身相
129.12	kp%	32	壬二　校德
131.01	kp%	14	辛二　威儀
131.12	kp%	10	庚三　處大千界
133.05	kp%	17	辛二　世界
134.07	kp%	14	庚四　說無我教
135.13	kp%	18	丙二　勸發奉持<pb n="136"/>
137.03	kp%	13	戊二　應如是受持誦說
138.09	kp%	18	丁二　結示正觀
142.01	kp%	42	甲三　流通分
143.01	^bk#pph^ck#intro	11	般若波羅蜜多心經講記 pph
144.06	intro2		苦是一種感受；
145.07	intro%		從引發苦痛的環境說
146.09	intro%		世間的學術、宗教、技巧，
148.01	intro%		佛法解除苦痛的方法是如何呢？
149.02	intro%		佛法以解除苦痛為目的，除
151.01	intro%		各人的愛見，互相影響
152.01	intro%		二、般若波羅蜜多：
154.07	intro%		智慧，可以分為兩種：(一)、
157.02	intro%		(一)、諸行無常：
157.07	intro%		(二)、諸法無我：
158.03	intro%		(三)、涅槃寂靜：
159.02	intro%		上面三者，總名之為三法印，
165.05	intro%		三、般若波羅蜜多心經：
168.01	intro%		二　釋譯題
169.01	kp		8	正釋
170.01	kp1		11	甲一　標宗
170.07	kp%		「觀自在菩薩」</q>
171.05	kp%		「菩薩」</q>
172.09	kp%		「行深般若波羅蜜多時」</q>
173.02	kp%		能<q type="嚴謹引文">「照見五蘊皆空」</q>
174.06	kp%		關於心理活動，
175.07	kp%		這五蘊，
176.13	kp%		一分學者，
178.11	kp%			甲二　顯義
183.06	kp%	54	己二　泯相證性觀——正證
184.03	kp%	75	「有即是空，空即是有」
189.03	kp%	74	戊二　略觀處界等空
191.04	kp%	26	無眼界乃至無意識界。
192.10	kp%	19	無無明，亦無無明盡；乃至無老死，亦無老死盡。
194.12	kp%	28	「無無明盡……無老死盡」
195.09	kp%	38	無苦集滅道。
196.09	kp%	13	無智亦無得。
197.10	kp%	14	戊三　結顯空義
199.01	kp%	16	丁二　得般若果
200.05	kp%	15	<q type="嚴謹引文">
200.08	kp%	18	戊二　菩提果——如來不共果
202.07	kp%	24	丙二　喻讚般若德
203.08	kp%	13	乙二　曲為鈍根說方便
204.10	kp%	14	<q type="嚴謹引文">